{
  "accuracy": 0.8192090395480226,
  "precision_macro": 0.7949115933293148,
  "recall_macro": 0.7996275299850075,
  "f1_macro": 0.7901860901925868,
  "brier_score": 0.2740994393825531,
  "mean_confidence": 0.7749525308609009,
  "samples": 177,
  "test_samples": 177,
  "test_class_count": 4,
  "normal": {
    "accuracy": 0.8192090395480226,
    "precision_macro": 0.7949115933293148,
    "recall_macro": 0.7996275299850075,
    "f1_macro": 0.7901860901925868,
    "brier_score": 0.2740994393825531,
    "mean_confidence": 0.7749525308609009,
    "samples": 177
  },
  "image_only": {
    "accuracy": 0.8192090395480226,
    "precision_macro": 0.7949115933293148,
    "recall_macro": 0.7996275299850075,
    "f1_macro": 0.7901860901925868,
    "brier_score": 0.30679136514663696,
    "mean_confidence": 0.8569270372390747,
    "samples": 177
  },
  "sensor_only": {
    "accuracy": 0.5423728813559322,
    "precision_macro": 0.5061472362224242,
    "recall_macro": 0.5493960608981223,
    "f1_macro": 0.49444410407857536,
    "brier_score": 0.549839973449707,
    "mean_confidence": 0.6611517667770386,
    "samples": 177
  },
  "counterfactual_sensitivity": {
    "image_mean_total_variation": 0.3119855523109436,
    "sensor_mean_total_variation": 0.03809681534767151
  }
}
