{
  "accuracy": 0.9105263157894737,
  "precision_macro": 0.8830227743271222,
  "recall_macro": 0.9164734365409535,
  "f1_macro": 0.8942322186670421,
  "test_samples": 190
}
