{
  "model_name": "agrisense_image_first_cnn_lstm",
  "architecture": "MobileNetV2 image encoder + sensor LSTM + image-first probability fusion",
  "class_labels": [
    "Healthy",
    "Low",
    "Medium",
    "High"
  ],
  "input_shapes": {
    "image": [
      128,
      128,
      3
    ],
    "sensor_sequence": [
      7,
      4
    ]
  },
  "hyperparameters": {
    "learning_rate": 0.001,
    "batch_size": 16,
    "requested_epochs": 18,
    "completed_epochs": 14,
    "sequence_length": 7,
    "optimizer": "Adam",
    "loss": "multi_output_categorical_crossentropy",
    "class_weights": [
      1.3312101910828025,
      1.244047619047619,
      0.6147058823529412,
      1.2222222222222223
    ],
    "image_probability_weight": 0.8,
    "sensor_probability_weight": 0.2
  },
  "training_date": "2026-07-22T16:20:58.441824+00:00",
  "training_seconds": 54.26,
  "compute_device": "CPU",
  "platform": "macOS-15.5-arm64-arm-64bit",
  "parameter_count": 2442344,
  "best_validation_accuracy": 0.8826530575752258,
  "final_validation_accuracy": 0.8214285969734192,
  "staged_evaluation": {
    "accuracy": 0.8192090395480226,
    "precision_macro": 0.7949115933293148,
    "recall_macro": 0.7996275299850075,
    "f1_macro": 0.7901860901925868,
    "brier_score": 0.2740994393825531,
    "mean_confidence": 0.7749525308609009,
    "samples": 177,
    "test_samples": 177,
    "test_class_count": 4,
    "normal": {
      "accuracy": 0.8192090395480226,
      "precision_macro": 0.7949115933293148,
      "recall_macro": 0.7996275299850075,
      "f1_macro": 0.7901860901925868,
      "brier_score": 0.2740994393825531,
      "mean_confidence": 0.7749525308609009,
      "samples": 177
    },
    "image_only": {
      "accuracy": 0.8192090395480226,
      "precision_macro": 0.7949115933293148,
      "recall_macro": 0.7996275299850075,
      "f1_macro": 0.7901860901925868,
      "brier_score": 0.30679136514663696,
      "mean_confidence": 0.8569270372390747,
      "samples": 177
    },
    "sensor_only": {
      "accuracy": 0.5423728813559322,
      "precision_macro": 0.5061472362224242,
      "recall_macro": 0.5493960608981223,
      "f1_macro": 0.49444410407857536,
      "brier_score": 0.549839973449707,
      "mean_confidence": 0.6611517667770386,
      "samples": 177
    },
    "counterfactual_sensitivity": {
      "image_mean_total_variation": 0.3119855523109436,
      "sensor_mean_total_variation": 0.03809681534767151
    }
  },
  "preprocessing": {
    "csv_path": "/Users/gugansaravanan/Desktop/agrisense-ai/dataset/sequential_data.csv",
    "valid_rows": 1593,
    "missing_rows_skipped": 0,
    "image_size": [
      128,
      128,
      3
    ],
    "sequence_length": 7,
    "sensor_columns": [
      "Soil_Moisture",
      "Temperature",
      "Humidity",
      "Light_Intensity"
    ],
    "class_labels": [
      "Healthy",
      "Low",
      "Medium",
      "High"
    ],
    "split_by": "Plant_ID",
    "plant_counts": {
      "train": 44,
      "validation": 10,
      "test": 10
    },
    "window_counts": {
      "train": 836,
      "validation": 196,
      "test": 177
    },
    "label_distribution": {
      "train": {
        "Healthy": 157,
        "Low": 168,
        "Medium": 340,
        "High": 171
      },
      "validation": {
        "Healthy": 50,
        "Low": 21,
        "Medium": 96,
        "High": 29
      },
      "test": {
        "Healthy": 35,
        "Low": 23,
        "Medium": 87,
        "High": 32
      }
    },
    "augmentation": {
      "training_only": true,
      "operations": [
        "RandomRotation",
        "RandomFlip",
        "RandomBrightness",
        "RandomContrast"
      ]
    },
    "plant_ids": {
      "train": [
        "PLANT_002",
        "PLANT_003",
        "PLANT_005",
        "PLANT_007",
        "PLANT_008",
        "PLANT_011",
        "PLANT_012",
        "PLANT_015",
        "PLANT_016",
        "PLANT_019",
        "PLANT_020",
        "PLANT_021",
        "PLANT_022",
        "PLANT_023",
        "PLANT_024",
        "PLANT_025",
        "PLANT_027",
        "PLANT_028",
        "PLANT_029",
        "PLANT_030",
        "PLANT_031",
        "PLANT_032",
        "PLANT_033",
        "PLANT_034",
        "PLANT_036",
        "PLANT_038",
        "PLANT_039",
        "PLANT_040",
        "PLANT_042",
        "PLANT_043",
        "PLANT_044",
        "PLANT_046",
        "PLANT_047",
        "PLANT_048",
        "PLANT_049",
        "PLANT_052",
        "PLANT_054",
        "PLANT_055",
        "PLANT_056",
        "PLANT_058",
        "PLANT_060",
        "PLANT_061",
        "PLANT_063",
        "PLANT_064"
      ],
      "validation": [
        "PLANT_001",
        "PLANT_006",
        "PLANT_009",
        "PLANT_013",
        "PLANT_014",
        "PLANT_017",
        "PLANT_035",
        "PLANT_041",
        "PLANT_057",
        "PLANT_062"
      ],
      "test": [
        "PLANT_004",
        "PLANT_010",
        "PLANT_018",
        "PLANT_026",
        "PLANT_037",
        "PLANT_045",
        "PLANT_050",
        "PLANT_051",
        "PLANT_053",
        "PLANT_059"
      ]
    },
    "sensor_normalization": {
      "columns": [
        "Soil_Moisture",
        "Temperature",
        "Humidity",
        "Light_Intensity"
      ],
      "mean": [
        52.92901611328125,
        26.534635543823242,
        58.42843246459961,
        15834.1376953125
      ],
      "std": [
        7.110037803649902,
        1.9916373491287231,
        6.547282695770264,
        1985.55029296875
      ]
    }
  }
}
