{
  "model_name": "agrisense_image_first_cnn_lstm",
  "architecture": "Fine-tuned MobileNetV2 image encoder with crop evidence + sensor LSTM + calibrated image-first probability fusion",
  "class_labels": [
    "Healthy",
    "Low",
    "Medium",
    "High"
  ],
  "input_shapes": {
    "image": [
      128,
      128,
      3
    ],
    "sensor_sequence": [
      7,
      4
    ]
  },
  "hyperparameters": {
    "learning_rate": 0.001,
    "fine_tune_learning_rate": 1e-05,
    "batch_size": 16,
    "requested_epochs": 12,
    "requested_fine_tune_epochs": 12,
    "completed_epochs": 19,
    "sequence_length": 7,
    "optimizer": "Adam",
    "loss": "multi_output_categorical_crossentropy",
    "class_weights": [
      1.1900943396226416,
      1.6049618320610688,
      0.5523204903677759,
      1.377183406113537
    ],
    "image_probability_weight": 0.8,
    "sensor_probability_weight": 0.2,
    "fine_tuned_layers": 20
  },
  "training_date": "2026-07-22T18:07:15.931789+00:00",
  "training_seconds": null,
  "compute_device": "CPU",
  "platform": "macOS-15.5-arm64-arm-64bit",
  "parameter_count": 2443505,
  "best_validation_accuracy": 0.9629629850387572,
  "final_validation_accuracy": 0.9574074149131776,
  "staged_evaluation": {
    "accuracy": 0.9198542805100182,
    "precision_macro": 0.9158287928213436,
    "recall_macro": 0.9277298680342806,
    "f1_macro": 0.9198634917892075,
    "brier_score": 0.12374254316091537,
    "mean_confidence": 0.8642575740814209,
    "samples": 549,
    "test_samples": 549,
    "test_class_count": 4,
    "normal": {
      "accuracy": 0.9198542805100182,
      "precision_macro": 0.9158287928213436,
      "recall_macro": 0.9277298680342806,
      "f1_macro": 0.9198634917892075,
      "brier_score": 0.12374254316091537,
      "mean_confidence": 0.8642575740814209,
      "samples": 549
    },
    "image_only": {
      "accuracy": 0.912568306010929,
      "precision_macro": 0.9082472779729693,
      "recall_macro": 0.9219094689211986,
      "f1_macro": 0.9123141431532084,
      "brier_score": 0.12647609412670135,
      "mean_confidence": 0.953559935092926,
      "samples": 549
    },
    "sensor_only": {
      "accuracy": 0.6284153005464481,
      "precision_macro": 0.6282215111421455,
      "recall_macro": 0.6527307346876741,
      "f1_macro": 0.6331566406344937,
      "brier_score": 0.5075119733810425,
      "mean_confidence": 0.6620098948478699,
      "samples": 549
    },
    "counterfactual_sensitivity": {
      "image_mean_total_variation": 0.22793197631835938,
      "sensor_mean_total_variation": 0.04681691154837608
    },
    "leaf_validation": {
      "false_rejection_rate": 0.021857923497267784,
      "samples": 549
    },
    "negative_suite": {
      "blocked": 5,
      "samples": 5,
      "all_blocked": true
    },
    "crop": {
      "accuracy": 0.9544626593806922,
      "samples": 549,
      "class_count": 9
    },
    "selective": {
      "coverage": 0.7832422586520947,
      "samples": 430,
      "accuracy": 0.9930232558139535,
      "precision_macro": 0.9921875,
      "recall_macro": 0.994718309859155,
      "f1_macro": 0.9933627068858386,
      "brier_score": 0.02851458638906479,
      "mean_confidence": 0.9093769788742065
    }
  },
  "preprocessing": {
    "csv_path": "/Users/gugansaravanan/Desktop/agrisense-ai/dataset/sequential_data.csv",
    "valid_rows": 4764,
    "missing_rows_skipped": 0,
    "image_size": [
      128,
      128,
      3
    ],
    "sequence_length": 7,
    "sensor_columns": [
      "Soil_Moisture",
      "Temperature",
      "Humidity",
      "Light_Intensity"
    ],
    "class_labels": [
      "Healthy",
      "Low",
      "Medium",
      "High"
    ],
    "crop_labels": [
      "Apple",
      "Cherry_(including_sour)",
      "Corn_(maize)",
      "Grape",
      "Peach",
      "Pepper,_bell",
      "Potato",
      "Strawberry",
      "Tomato"
    ],
    "split_by": "Plant_ID",
    "plant_counts": {
      "train": 134,
      "validation": 29,
      "test": 29
    },
    "window_counts": {
      "train": 2523,
      "validation": 540,
      "test": 549
    },
    "label_distribution": {
      "train": {
        "Healthy": 530,
        "Low": 393,
        "Medium": 1142,
        "High": 458
      },
      "validation": {
        "Healthy": 106,
        "Low": 101,
        "Medium": 221,
        "High": 112
      },
      "test": {
        "Healthy": 97,
        "Low": 131,
        "Medium": 198,
        "High": 123
      }
    },
    "augmentation": {
      "training_only": true,
      "operations": [
        "RandomRotation",
        "RandomFlip",
        "RandomBrightness",
        "RandomContrast"
      ]
    },
    "plant_ids": {
      "train": [
        "PLANT_001",
        "PLANT_002",
        "PLANT_003",
        "PLANT_004",
        "PLANT_005",
        "PLANT_007",
        "PLANT_008",
        "PLANT_009",
        "PLANT_011",
        "PLANT_012",
        "PLANT_013",
        "PLANT_014",
        "PLANT_015",
        "PLANT_018",
        "PLANT_021",
        "PLANT_022",
        "PLANT_023",
        "PLANT_024",
        "PLANT_026",
        "PLANT_027",
        "PLANT_028",
        "PLANT_029",
        "PLANT_033",
        "PLANT_034",
        "PLANT_035",
        "PLANT_037",
        "PLANT_038",
        "PLANT_040",
        "PLANT_041",
        "PLANT_042",
        "PLANT_044",
        "PLANT_045",
        "PLANT_047",
        "PLANT_048",
        "PLANT_049",
        "PLANT_050",
        "PLANT_051",
        "PLANT_053",
        "PLANT_054",
        "PLANT_055",
        "PLANT_058",
        "PLANT_059",
        "PLANT_060",
        "PLANT_062",
        "PLANT_063",
        "PLANT_064",
        "PLANT_065",
        "PLANT_071",
        "PLANT_072",
        "PLANT_073",
        "PLANT_074",
        "PLANT_075",
        "PLANT_078",
        "PLANT_080",
        "PLANT_081",
        "PLANT_082",
        "PLANT_084",
        "PLANT_085",
        "PLANT_086",
        "PLANT_087",
        "PLANT_088",
        "PLANT_089",
        "PLANT_090",
        "PLANT_092",
        "PLANT_093",
        "PLANT_094",
        "PLANT_095",
        "PLANT_096",
        "PLANT_097",
        "PLANT_098",
        "PLANT_100",
        "PLANT_101",
        "PLANT_103",
        "PLANT_104",
        "PLANT_105",
        "PLANT_106",
        "PLANT_107",
        "PLANT_108",
        "PLANT_109",
        "PLANT_111",
        "PLANT_117",
        "PLANT_118",
        "PLANT_120",
        "PLANT_121",
        "PLANT_122",
        "PLANT_123",
        "PLANT_124",
        "PLANT_125",
        "PLANT_126",
        "PLANT_128",
        "PLANT_129",
        "PLANT_130",
        "PLANT_131",
        "PLANT_132",
        "PLANT_133",
        "PLANT_135",
        "PLANT_138",
        "PLANT_139",
        "PLANT_140",
        "PLANT_141",
        "PLANT_145",
        "PLANT_147",
        "PLANT_148",
        "PLANT_149",
        "PLANT_150",
        "PLANT_151",
        "PLANT_152",
        "PLANT_153",
        "PLANT_158",
        "PLANT_160",
        "PLANT_161",
        "PLANT_162",
        "PLANT_165",
        "PLANT_168",
        "PLANT_169",
        "PLANT_170",
        "PLANT_173",
        "PLANT_174",
        "PLANT_175",
        "PLANT_176",
        "PLANT_177",
        "PLANT_179",
        "PLANT_180",
        "PLANT_181",
        "PLANT_182",
        "PLANT_184",
        "PLANT_185",
        "PLANT_186",
        "PLANT_187",
        "PLANT_188",
        "PLANT_189",
        "PLANT_190",
        "PLANT_191",
        "PLANT_192"
      ],